Dia,Canal,Tipo,Formato,Hora,Minishort_Titulo,Minishort_Contenido,Minishort_Tipo,Short_Titulo,Short_Contenido,Short_Tipo,CTA
Lunes 14,Sana y Florece,Minishort,Video,Manana,Si tu tambien llevas todo en silencio,No todo se ve en tu cara. A veces se siente en tu cuerpo.,videoclip,La ansiedad no es debilidad,No estas fallando porque sientes que no puedes sostener todo.,short,"Si esto te identifica, escribe pausa."
Lunes 14,Peace With God,Minishort,Video,Manana,You are not carrying this alone,You are not carrying this alone. God is with you.,videoclip,When prayer feels hard,Prayer does not need to be perfect.,short,"Pray first, then move forward."
Martes 15,Sana y Florece,Minishort,Imagen,Manana,No tienes que sonreir para demostrar que estas sanando,No tienes que sonreir para demostrar que estas sanando.,imagen_mensaje,No confundas cansancio con falta de valor,Hay diferencia entre estar agotada y no estar luchando.,short,Que te esta cansando en silencio?
Martes 15,Peace With God,Minishort,Imagen,Manana,Peace begins when you stop rushing,Peace begins when your heart becomes still.,imagen_mensaje,God is not late,His timing is never late. It just is not yours.,short,Trust the process.
Miercoles 16,Sana y Florece,Minishort,Video,Manana,Limites sanos,Puedes cuidar a los demas sin abandonar tu energia.,videoclip,Decir no no es ser mala,Tu energia tambien necesita proteccion.,short,Pon un limite pequeno hoy.
Miercoles 16,Peace With God,Minishort,Video,Manana,God sees what you carry,God knows the weight you carry.,videoclip,A prayer for a worried heart,"When fear speaks louder than faith, pray first.",short,Pray this prayer.
Jueves 17,Sana y Florece,Minishort,Imagen,Manana,No todo se resuelve hoy,Hoy no necesitas resolver el caos entero.,imagen_mensaje,Amor propio no es una frase,Amor propio real empieza cuando escuchas tu cuerpo.,short,Que necesita tu cuerpo esta semana?
Jueves 17,Peace With God,Minishort,Imagen,Manana,You are not forgotten,You are not forgotten by God.,imagen_mensaje,The peace of God,Peace is not the absence of trouble. It is the presence of God.,short,Invite God into the situation.
Viernes 18,Sana y Florece,Minishort,Video,Manana,Llegaste hasta el viernes,Llegaste hasta el viernes con lo que pudiste. Eso tambien cuenta.,videoclip,Cierre emocional de la semana,"Si la semana fue pesada, no la conviertas en culpa.",short,Haz un check-in rapido y cierra la semana sin castigarte.
Viernes 18,Peace With God,Minishort,Video,Manana,Start your day with peace,Begin the day with a prayer before the noise.,videoclip,A story of hope,God may be doing something you cannot see yet.,short,Keep believing.
